{"stats":{"minecraft:killed":{"minecraft:spider":3,"minecraft:skeleton":6,"minecraft:pig":8,"minecraft:bat":2,"minecraft:sheep":6,"minecraft:zombie":31,"minecraft:cow":17},"minecraft:used":{"minecraft:oak_fence":1,"minecraft:stone_sword":21,"toughasnails:water_purifier":1,"minecraft:poppy":1,"minecraft:shield":49,"minecraft:iron_sword":156,"biomesoplenty:bramble":8,"minecraft:torch":96,"minecraft:dirt":73,"toughasnails:empty_canteen":6,"minecraft:lava_bucket":5,"minecraft:iron_axe":143,"toughasnails:dirty_water_canteen":5,"minecraft:sweet_berries":5,"minecraft:furnace":2,"minecraft:cooked_beef":4,"minecraft:potato":2,"minecraft:cooked_mutton":6,"minecraft:water_bucket":7,"minecraft:diorite":8,"minecraft:glass_bottle":40,"minecraft:stone_pickaxe":205,"minecraft:baked_potato":15,"minecraft:wooden_pickaxe":16,"toughasnails:water_canteen":5,"minecraft:crafting_table":4,"minecraft:white_bed":2,"minecraft:campfire":1,"minecraft:oak_log":10,"minecraft:wooden_hoe":5,"minecraft:bread":12,"minecraft:iron_pickaxe":395,"minecraft:spruce_sapling":2,"minecraft:stone_axe":21,"biomesoplenty:hellbark_log":1,"minecraft:cobblestone":48,"minecraft:potion":11,"minecraft:purple_bed":10,"toughasnails:purified_water_bottle":25,"minecraft:cooked_porkchop":2,"minecraft:andesite":2,"toughasnails:purified_water_canteen":38,"minecraft:bucket":13,"minecraft:wither_rose":1,"minecraft:bone_meal":2},"minecraft:killed_by":{"minecraft:creeper":1,"minecraft:enderman":1,"minecraft:zombie":1,"minecraft:illusioner":1},"minecraft:picked_up":{"minecraft:charcoal":4,"minecraft:crafting_table":5,"minecraft:iron_chestplate":4,"minecraft:wither_rose":3,"minecraft:shield":1,"minecraft:string":7,"minecraft:iron_axe":4,"minecraft:iron_leggings":4,"minecraft:bucket":1,"minecraft:beef":33,"minecraft:poppy":1,"minecraft:iron_pickaxe":3,"minecraft:furnace":1,"minecraft:iron_boots":4,"minecraft:egg":2,"minecraft:stick":23,"minecraft:oak_fence":1,"minecraft:torch":17,"minecraft:porkchop":11,"minecraft:diorite":14,"minecraft:arrow":33,"minecraft:rotten_flesh":56,"biomesoplenty:jacaranda_log":1,"minecraft:hay_block":2,"minecraft:mutton":7,"minecraft:cobblestone":237,"minecraft:white_wool":6,"minecraft:stripped_oak_log":3,"minecraft:purple_dye":1,"minecraft:cooked_beef":145,"minecraft:water_bucket":1,"minecraft:andesite":9,"minecraft:leather":74,"minecraft:oak_log":64,"toughasnails:purified_water_bottle":9,"biomesoplenty:jacaranda_planks":4,"minecraft:dirt":105,"minecraft:cooked_mutton":10,"minecraft:glass":3,"minecraft:bone":19,"minecraft:wheat_seeds":29,"minecraft:stone_pickaxe":4,"minecraft:iron_ingot":130,"minecraft:iron_ore":155,"minecraft:glass_bottle":15,"minecraft:iron_sword":8,"minecraft:oak_planks":196,"toughasnails:purified_water_canteen":3,"minecraft:cooked_porkchop":20,"minecraft:sweet_berries":37,"minecraft:dandelion":3,"toughasnails:dirty_water_canteen":1,"minecraft:sand":40,"minecraft:spruce_sapling":2,"minecraft:white_bed":1,"minecraft:spruce_log":5,"minecraft:spider_eye":1,"minecraft:gold_ore":21,"biomesoplenty:hellbark_log":1,"biomesoplenty:bramble":78,"toughasnails:water_canteen":2,"minecraft:purple_bed":13,"minecraft:iron_helmet":4,"minecraft:granite":4,"minecraft:gray_wool":1,"minecraft:bread":187,"minecraft:baked_potato":13,"minecraft:oak_sapling":1,"minecraft:black_wool":3,"minecraft:coal":873,"minecraft:ender_pearl":2},"minecraft:mined":{"minecraft:white_bed":1,"minecraft:granite":1,"biomesoplenty:bramble":42,"minecraft:grass_block":20,"minecraft:spruce_leaves":7,"minecraft:hay_block":1,"biomesoplenty:jacaranda_log":1,"minecraft:furnace":1,"minecraft:iron_ore":143,"minecraft:andesite":9,"minecraft:stripped_oak_log":1,"minecraft:stone":113,"minecraft:dandelion":1,"minecraft:oak_fence":1,"minecraft:crafting_table":3,"minecraft:torch":8,"minecraft:poppy":1,"minecraft:tall_grass":3,"minecraft:cobblestone":8,"minecraft:diorite":12,"minecraft:wall_torch":4,"minecraft:purple_bed":9,"biomesoplenty:hellbark_leaves":2,"minecraft:spruce_log":5,"minecraft:wither_rose":2,"minecraft:grass":28,"minecraft:oak_log":57,"minecraft:coal_ore":302,"minecraft:sand":29,"minecraft:dirt":31,"biomesoplenty:umbran_leaves":1,"minecraft:gold_ore":21,"minecraft:oak_leaves":2},"minecraft:dropped":{"minecraft:bread":9,"minecraft:iron_sword":1,"minecraft:wheat_seeds":6,"minecraft:cooked_porkchop":10,"minecraft:torch":2,"toughasnails:purified_water_canteen":1,"minecraft:iron_shovel":3,"minecraft:dandelion":1,"minecraft:rotten_flesh":16,"minecraft:oak_sapling":1,"minecraft:wooden_pickaxe":1},"minecraft:custom":{"minecraft:mob_kills":75,"minecraft:interact_with_crafting_table":41,"minecraft:interact_with_campfire":70,"minecraft:bell_ring":57,"minecraft:leave_game":8,"minecraft:time_since_death":21919,"minecraft:climb_one_cm":2199,"minecraft:sprint_one_cm":327504,"minecraft:walk_one_cm":760185,"minecraft:damage_blocked_by_shield":1860,"minecraft:drop":30,"minecraft:talked_to_villager":53,"minecraft:deaths":7,"minecraft:sneak_time":2532,"minecraft:walk_under_water_one_cm":15793,"minecraft:jump":3046,"minecraft:interact_with_blast_furnace":9,"minecraft:walk_on_water_one_cm":37279,"minecraft:interact_with_furnace":81,"minecraft:play_one_minute":260219,"minecraft:sleep_in_bed":12,"minecraft:time_since_rest":21950,"minecraft:damage_taken":3948,"minecraft:damage_dealt":11529,"minecraft:swim_one_cm":26932,"minecraft:fly_one_cm":380330,"minecraft:player_kills":1,"minecraft:open_chest":28,"minecraft:crouch_one_cm":2819,"minecraft:interact_with_smoker":1,"minecraft:fall_one_cm":61558,"minecraft:horse_one_cm":14040},"minecraft:broken":{"minecraft:stone_pickaxe":1,"minecraft:iron_pickaxe":1,"toughasnails:purified_water_canteen":5},"minecraft:crafted":{"minecraft:oak_planks":136,"minecraft:purple_bed":1,"minecraft:furnace":1,"minecraft:bone_meal":12,"minecraft:cooked_mutton":5,"minecraft:glass":16,"minecraft:iron_boots":1,"minecraft:iron_axe":1,"minecraft:stone_pickaxe":2,"minecraft:wheat":18,"minecraft:glass_bottle":6,"biomesoplenty:jacaranda_planks":4,"minecraft:cooked_porkchop":8,"minecraft:crafting_table":2,"minecraft:spruce_planks":20,"minecraft:iron_helmet":1,"minecraft:wooden_pickaxe":2,"minecraft:baked_potato":10,"minecraft:iron_sword":2,"minecraft:bucket":1,"minecraft:campfire":1,"minecraft:stone_axe":1,"minecraft:bread":6,"minecraft:air":0,"minecraft:iron_chestplate":2,"minecraft:wooden_hoe":1,"minecraft:charcoal":12,"toughasnails:water_purifier":1,"minecraft:shield":2,"minecraft:stick":64,"minecraft:iron_pickaxe":4,"minecraft:iron_ingot":143,"minecraft:stone_sword":1,"minecraft:iron_leggings":1,"minecraft:iron_shovel":3,"minecraft:gold_ingot":21,"minecraft:white_bed":2,"minecraft:torch":112,"toughasnails:empty_canteen":1}},"DataVersion":2586}