{"stats":{"minecraft:killed":{"minecraft:spider":3,"minecraft:skeleton":2,"minecraft:creeper":1,"minecraft:sheep":6,"minecraft:zombie":13,"minecraft:enderman":1,"minecraft:cow":9},"minecraft:used":{"minecraft:oak_fence":2,"minecraft:iron_shovel":1900,"biomesoplenty:stripped_umbran_log":2,"minecraft:flint_and_steel":1,"minecraft:chest":2,"minecraft:iron_sword":54,"minecraft:netherrack":94,"minecraft:torch":14,"minecraft:dirt":1933,"biomesoplenty:umbran_log":28,"toughasnails:empty_canteen":19,"minecraft:carrot":2,"minecraft:golden_shovel":32,"minecraft:lava_bucket":6,"minecraft:iron_axe":192,"toughasnails:dirty_water_canteen":1,"biomesoplenty:umbran_sapling":95,"minecraft:golden_carrot":4,"minecraft:oak_sapling":4,"minecraft:furnace":2,"minecraft:egg":3,"minecraft:cooked_mutton":7,"minecraft:water_bucket":40,"minecraft:glass_bottle":26,"minecraft:stone_pickaxe":152,"minecraft:baked_potato":2,"biomesoplenty:hellbark_wood":1,"minecraft:wooden_pickaxe":46,"biomesoplenty:hellbark_sapling":9,"toughasnails:water_canteen":127,"minecraft:sand":11,"minecraft:crafting_table":7,"minecraft:blast_furnace":1,"biomesoplenty:hellbark_planks":1,"minecraft:oak_log":1,"biomesoplenty:umbran_planks":217,"minecraft:bread":43,"minecraft:iron_pickaxe":222,"minecraft:gravel":2,"minecraft:stone_axe":22,"minecraft:purple_bed":3,"minecraft:cobblestone":28,"minecraft:potion":26,"toughasnails:purified_water_canteen":42,"minecraft:bucket":46,"minecraft:bone_meal":164},"minecraft:killed_by":{"minecraft:player":1,"minecraft:creeper":1,"minecraft:enderman":1,"minecraft:zombie":2},"minecraft:picked_up":{"minecraft:iron_chestplate":5,"minecraft:crafting_table":10,"minecraft:azure_bluet":1,"biomesoplenty:flesh":7,"minecraft:wooden_pickaxe":1,"minecraft:gold_block":3,"biomesoplenty:hellbark_planks":25,"minecraft:cornflower":1,"minecraft:string":2,"minecraft:iron_axe":4,"minecraft:iron_leggings":5,"biomesoplenty:hellbark_sapling":8,"minecraft:iron_shovel":6,"minecraft:gold_nugget":28,"minecraft:bucket":1,"biomesoplenty:fir_planks":12,"minecraft:spruce_planks":39,"minecraft:beef":43,"minecraft:poppy":1,"minecraft:iron_pickaxe":7,"minecraft:sugar_cane":6,"minecraft:furnace":2,"minecraft:iron_boots":5,"minecraft:egg":9,"minecraft:stick":46,"minecraft:oak_fence":2,"biomesoplenty:umbran_planks":251,"minecraft:torch":13,"minecraft:fire_charge":2,"minecraft:diorite":4,"minecraft:carrot":1,"minecraft:golden_chestplate":2,"biomesoplenty:stripped_hellbark_log":22,"minecraft:arrow":3,"minecraft:rotten_flesh":30,"biomesoplenty:umbran_sapling":29,"minecraft:golden_hoe":4,"minecraft:hay_block":25,"minecraft:gold_ingot":30,"minecraft:mutton":10,"minecraft:cobblestone":113,"minecraft:white_wool":7,"minecraft:oxeye_daisy":1,"minecraft:golden_carrot":38,"minecraft:water_bucket":4,"minecraft:andesite":2,"minecraft:leather":27,"biomesoplenty:dead_log":12,"biomesoplenty:fir_log":1,"minecraft:flint":3,"minecraft:oak_log":10,"minecraft:gunpowder":1,"minecraft:dirt":2016,"minecraft:glass":1,"minecraft:bone":7,"minecraft:wheat_seeds":274,"minecraft:stone_pickaxe":3,"biomesoplenty:stripped_umbran_log":5,"minecraft:iron_ingot":14,"minecraft:iron_ore":162,"biomesoplenty:hellbark_fence":2,"minecraft:glass_bottle":3,"biomesoplenty:umbran_log":99,"minecraft:iron_sword":3,"minecraft:oak_planks":36,"toughasnails:purified_water_canteen":1,"minecraft:cooked_porkchop":14,"minecraft:quartz":96,"minecraft:dandelion":7,"minecraft:gravel":21,"minecraft:sand":141,"minecraft:spruce_sapling":2,"minecraft:blast_furnace":1,"minecraft:spruce_log":8,"biomesoplenty:hellbark_log":24,"toughasnails:water_canteen":2,"minecraft:purple_bed":2,"minecraft:stone_axe":1,"minecraft:iron_helmet":5,"minecraft:bread":73,"minecraft:baked_potato":8,"minecraft:netherrack":94,"minecraft:oak_sapling":5,"minecraft:coal":31,"biomesoplenty:hellbark_wood":4,"minecraft:ender_pearl":1},"minecraft:dropped":{"minecraft:bread":41,"toughasnails:water_canteen":2,"minecraft:wheat_seeds":91,"minecraft:glass_bottle":2,"minecraft:leather":5,"minecraft:purple_dye":1,"biomesoplenty:stripped_hellbark_log":1,"minecraft:iron_pickaxe":1,"minecraft:white_wool":2,"minecraft:dandelion":1,"minecraft:bone":2,"minecraft:stone_axe":1,"minecraft:rotten_flesh":6,"minecraft:oak_planks":1,"minecraft:cooked_mutton":1,"minecraft:azure_bluet":1,"biomesoplenty:fir_planks":2,"minecraft:oak_sapling":1,"minecraft:stone_pickaxe":2,"minecraft:glass":1},"minecraft:mined":{"minecraft:nether_gold_ore":4,"biomesoplenty:stripped_hellbark_log":6,"biomesoplenty:umbran_planks":35,"biomesoplenty:bramble":5,"minecraft:grass_block":1314,"biomesoplenty:flowering_oak_leaves":2,"minecraft:spruce_leaves":3,"minecraft:oxeye_daisy":1,"minecraft:hay_block":26,"minecraft:furnace":1,"minecraft:iron_ore":88,"biomesoplenty:hellbark_sapling":1,"minecraft:andesite":1,"biomesoplenty:flesh":7,"biomesoplenty:hellbark_log":9,"minecraft:azure_bluet":1,"minecraft:gold_block":1,"minecraft:stone":69,"minecraft:dandelion":4,"minecraft:oak_fence":2,"minecraft:crafting_table":5,"minecraft:cornflower":1,"minecraft:torch":4,"minecraft:blast_furnace":1,"minecraft:poppy":1,"minecraft:nether_quartz_ore":95,"minecraft:tall_grass":71,"minecraft:cobblestone":2,"minecraft:sugar_cane":2,"biomesoplenty:umbran_sapling":4,"minecraft:diorite":2,"minecraft:wall_torch":4,"minecraft:purple_bed":2,"biomesoplenty:hellbark_leaves":149,"biomesoplenty:stripped_umbran_log":3,"minecraft:spruce_log":8,"biomesoplenty:umbran_log":101,"biomesoplenty:fir_log":1,"minecraft:grass":946,"biomesoplenty:hellbark_planks":1,"biomesoplenty:dead_log":4,"minecraft:oak_log":9,"minecraft:coal_ore":16,"biomesoplenty:hellbark_wood":1,"minecraft:gravel":24,"minecraft:sand":57,"minecraft:dirt":642,"biomesoplenty:umbran_leaves":3,"minecraft:netherrack":97,"minecraft:oak_leaves":8},"minecraft:custom":{"minecraft:mob_kills":35,"minecraft:interact_with_crafting_table":31,"minecraft:bell_ring":11,"minecraft:leave_game":7,"minecraft:time_since_death":23511,"minecraft:sprint_one_cm":957906,"minecraft:walk_one_cm":282086,"minecraft:drop":42,"minecraft:talked_to_villager":4,"minecraft:deaths":7,"minecraft:sneak_time":34662,"minecraft:walk_under_water_one_cm":5858,"minecraft:jump":4094,"minecraft:interact_with_blast_furnace":4,"minecraft:walk_on_water_one_cm":42807,"minecraft:interact_with_furnace":28,"minecraft:play_one_minute":274918,"minecraft:sleep_in_bed":10,"minecraft:time_since_rest":21390,"minecraft:damage_taken":3552,"minecraft:damage_dealt":5401,"minecraft:swim_one_cm":44771,"minecraft:fly_one_cm":794026,"minecraft:open_chest":11,"minecraft:crouch_one_cm":193275,"minecraft:fall_one_cm":99995},"minecraft:broken":{"minecraft:iron_shovel":7,"minecraft:golden_shovel":1,"toughasnails:water_canteen":10,"minecraft:wooden_pickaxe":1,"minecraft:stone_pickaxe":1,"minecraft:iron_pickaxe":1,"toughasnails:purified_water_canteen":8},"minecraft:crafted":{"minecraft:oak_planks":24,"minecraft:purple_bed":1,"minecraft:furnace":1,"minecraft:bone_meal":12,"minecraft:cooked_mutton":8,"minecraft:flint_and_steel":1,"minecraft:quartz_block":21,"minecraft:glass":4,"minecraft:iron_boots":1,"minecraft:iron_axe":1,"minecraft:stone_pickaxe":3,"biomesoplenty:hellbark_planks":4,"minecraft:chest":2,"minecraft:wheat":225,"biomesoplenty:umbran_planks":284,"minecraft:red_dye":1,"minecraft:glass_bottle":3,"minecraft:crafting_table":2,"minecraft:spruce_planks":32,"minecraft:iron_helmet":1,"minecraft:wooden_pickaxe":1,"minecraft:iron_sword":1,"minecraft:golden_shovel":1,"minecraft:bucket":1,"minecraft:stone_axe":1,"minecraft:bread":75,"minecraft:air":0,"minecraft:blue_dye":1,"biomesoplenty:fir_planks":4,"minecraft:iron_chestplate":1,"minecraft:purple_dye":2,"minecraft:stick":16,"minecraft:iron_ingot":82,"minecraft:iron_pickaxe":1,"minecraft:iron_shovel":5,"minecraft:iron_leggings":1,"minecraft:white_bed":1,"minecraft:torch":4,"toughasnails:empty_canteen":1}},"DataVersion":2586}